District,Confirmed,Death,Recovered,X,Y
Kapilbastu,705,0,40,83.0469,27.5518
Rautahat,1112,0,158,85.3136,27.0487
Sarlahi,565,0,55,85.5612,26.9627
Dailekh,726,1,35,81.6473,28.9262
Banke,344,2,243,81.7787,28.1461
Jhapa,185,0,136,87.8942,26.6398
Salyan,171,0,0,82.1278,28.3525
Parsa,158,1,113,84.8568,27.1736
Rupandehi,258,0,56,83.4463,27.5924
Mahottari,526,0,8,85.8077,26.8762
Dhanusa,268,0,136,86.0122,26.835
Saptari,159,0,50,86.7014,26.6173
Surkhet,300,1,15,81.7787,28.5175
Dang,284,0,39,82.3018,27.9904
Bara,108,2,47,85.0649,27.1341
Bardiya,153,0,3,81.4279,28.3102
Kailali,232,3,11,80.8092,28.7413
Siraha,132,0,26,86.3525,26.7333
Sunsari,64,0,23,87.1822,26.6276
Syangja,87,1,3,83.8049,28.0197
Arghakhanchi,239,2,2,83.0361,27.9829
Udayapur,55,0,28,86.7014,26.8998
Morang,117,0,14,87.4604,26.6799
Kathmandu,41,0,22,85.324,27.7172
Baglung,117,0,6,83.2201,28.3491
Kalikot,42,0,24,81.7349,29.2089
Jumla,26,0,24,82.1278,29.2788
Parasi,76,0,3,83.6665,27.5328
Ramechhap,26,0,2,86.1345,27.3554
Nawalpur,129,0,3,84.0331,27.6568
Achham,74,0,2,81.2519,29.0396
Kanchanpur,95,0,1,80.3213,28.8372
Pyuthan,94,0,0,82.8533,28.1017
Gorkha,47,0,1,84.7925,28.2512
Palpa,93,1,1,83.6348,27.8253
Parbat,45,0,0,83.6987,28.178
Bajhang,22,0,0,81.2519,29.7767
Dhankuta,8,0,7,87.3215,26.9835
Dadeldhura,185,0,6,80.4994,29.2188
Gulmi,176,2,3,83.2934,28.0889
Baitadi,140,0,5,80.4688,29.5186
Bhaktapur,16,0,5,85.4298,27.671
Bhojpur,6,0,5,87.0524,27.178
Chitwan,43,1,5,84.3542,27.5291
Doti,141,0,1,80.8987,29.2006
Makwanpur,14,0,5,85.0233,27.5546
Dhading,101,0,3,84.8985,27.9711
Kaski,16,0,1,84.0167,28.2622
Kavrepalanchok,6,0,1,85.5612,27.5259
Jajarkot,8,0,0,82.1558,28.8615
Khotang,4,0,1,86.822,27.2317
Sindhuli,8,0,1,85.9713,27.2569
Taplejung,4,0,3,87.7763,27.6257
Bajura,70,1,0,81.6035,29.6155
Lalitpur,6,1,1,85.3225,27.658
Nuwakot,13,0,1,85.1661,27.9194
Rolpa,44,0,0,82.6483,28.3816
Eastern Rukum,3,0,3,82.8548,28.6641
Sindhupalchok,26,1,0,85.6846,27.9512
Tanahun,72,0,0,84.2279,27.9447
Dolakha,2,1,2,86.1752,27.7784
Myagdi,8,0,0,83.3362,28.6029
Sankhuwasabha,2,0,2,87.1423,27.6142
Darchula,12,0,1,80.7948,29.9038
Dolpa,1,1,0,83.0791,29.0539
Humla,1,0,1,81.9535,30.0052
Lamjung,1,0,0,84.3542,28.2765
Mugu,1,0,1,82.3466,29.6141
Panchthar,3,0,1,87.7781,27.1044
Solukhumbu,1,0,1,86.6611,27.791
Terhathum,3,0,2,87.5377,27.1508
Ilam,2,0,0,87.9335,26.876
Manang,1,0,0,84.2308,28.6918
Mustang,1,0,0,83.8473,28.9985
Okhaldhunga,0,0,0,86.5047,27.324
Rasuwa,0,0,0,85.3136,28.1727
Western Rukum,2,0,0,82.4359,28.7436
